name,address,available_bikes,available_bike_stands,status,position_lat,position_lon,last_updated,metro_stations_nearby_500m,bus_stops_nearby_200m
ST-SERNIN - GATIEN - ARNOULT,2 RUE GATIEN ARNOULT,2,12,OPEN,43.609022,1.441105,2025-10-21 14:19:58.242834+00:00,2,0
VITARELLES - FRONDE,"21, chemin de la Fronde",4,9,OPEN,43.587323,1.39462,2025-10-21 14:19:58.242834+00:00,0,0
RIEUX - CHANT DU MERLE,FACE 15 RUE PIERRE LAROUSSE,1,17,OPEN,43.597355,1.459063,2025-10-21 14:19:58.242834+00:00,0,1
VALADE,31 RUE VALADE,13,8,OPEN,43.605031,1.437386,2025-10-21 14:19:58.242834+00:00,0,0
SAINT-MARTIN-DU-TOUCH GARE,"4, rue Marie Louise Dissard (sur la contre allée face au parking de la halte)",0,13,OPEN,43.600614,1.372218,2025-10-21 14:19:58.242834+00:00,0,1
CHARBONNIÈRE - PALMIERS,RUE DE LA CHARBONNIERE ENTRE IMP AMPERE ET RUE DES PALMIERS,1,17,OPEN,43.573732,1.448768,2025-10-21 14:19:58.242834+00:00,0,2
EMPALOT - MÉTRO,38 AV JEAN MOULIN FACE DEBOUCHE RUE DE CANNES,2,13,OPEN,43.579666,1.44184,2025-10-21 14:19:58.242834+00:00,1,1
RIMBAUD - COLETTE / PADER - FRONTON,8 RUE HILAIRE PADER,4,10,OPEN,43.63639,1.433072,2025-10-21 14:19:58.242834+00:00,1,1
REYNERIE - LIZOP,,6,6,OPEN,43.566932,1.400526,2025-10-21 14:19:58.242834+00:00,2,0
BELIN - SUPAERO,10 AV EDOUARD BELIN FACE CHATEAU D'EAU CREPS RD-PT JEAN LAGASSE,9,11,OPEN,43.56644,1.475301,2025-10-21 14:19:58.242834+00:00,0,1
GLOIRE - SAVIGNAC,"57, rue Labat de Savignac, 40m après angle rue de la Gloire",2,12,OPEN,43.605899,1.463601,2025-10-21 14:19:58.242834+00:00,0,1
AV. DE RANGUEIL - PELUDE,129 AV DE RANGUEIL,7,8,OPEN,43.57141,1.462732,2025-10-21 14:19:58.242834+00:00,2,2
HOTEL DE REGION,50 M AVANT 4 RUE DES GALLOIS,2,16,OPEN,43.589928,1.441706,2025-10-21 14:19:58.242834+00:00,1,0
MÉDIATHÈQUE JOSÉ CABANIS,50 RUE DU GENERAL COMPANS,5,19,OPEN,43.609757,1.455212,2025-10-21 14:19:58.242834+00:00,1,2
VERDIER - GRAND ROND,2 ALL FORAIN FRANCOIS VERDIER,1,25,OPEN,43.596904,1.452596,2025-10-21 14:19:58.242834+00:00,1,0
CARNOT - ROLAND,24 BD LAZARE CARNOT,2,15,OPEN,43.602914,1.451719,2025-10-21 14:19:58.242834+00:00,2,1
TOEC - LEMIRE,RUE DE L'ABBE JULES LEMIRE ANGLE VOIE DU TOEC,10,9,OPEN,43.597322,1.403694,2025-10-21 14:19:58.242834+00:00,0,1
FRONTON - LAPIN,"269, Avenue de Fronton",0,13,OPEN,43.651176,1.432557,2025-10-21 14:19:58.242834+00:00,0,1
BD DES MINIMES - PASSERELLE,38B BD DES MINIMES,0,26,OPEN,43.615273,1.442937,2025-10-21 14:19:58.242834+00:00,0,1
THÉATRE DES MAZADES,10 AV DES MAZADES,2,13,OPEN,43.624114,1.438463,2025-10-21 14:19:58.242834+00:00,2,2
ÉTATS-UNIS - FERRY,FACE 97 AV DES ETATS-UNIS ANGLE JULES FERRY,7,9,OPEN,43.632734,1.431732,2025-10-21 14:19:58.242834+00:00,1,1
00384 GUILHERMY - LAS BRUGUES,,2,10,OPEN,43.567628,1.371151,2025-10-21 14:19:58.242834+00:00,0,1
GLOIRE - SAINT BERNARD,"1, rue Saint-Bertrand",0,12,OPEN,43.605557,1.458483,2025-10-21 14:19:58.242834+00:00,0,2
BOURGES - MAUNOURY - MÉLAT,41 AV MAURICE BOURGES MAUNOURY,8,11,OPEN,43.63694,1.452615,2025-10-21 14:19:58.242834+00:00,1,2
ROUTE DE SEYSSES - C. DE VICOSE,Route de Seysses - C. de Viçose,8,5,OPEN,43.57179,1.418239,2025-10-21 14:19:58.242834+00:00,0,3
MARIN - REBOUL,FACE 1 CHEMIN DU MARIN,10,8,OPEN,43.581463,1.379769,2025-10-21 14:19:58.242834+00:00,0,0
SAINT-CYPRIEN - METRO VIÉ,2 PL INTERIEURE SAINT-CYPRIEN,12,1,OPEN,43.59778,1.431619,2025-10-21 14:19:58.242834+00:00,1,1
BRUNHES - FONTAINES,68 BD JEAN BRUNHES FACE AU 53,8,7,OPEN,43.600473,1.420165,2025-10-21 14:19:58.242834+00:00,0,3
PLACE GUY HERSANT,"Place Guy Hersant, angle rue Alfred Rambaud",4,8,OPEN,43.577461,1.442964,2025-10-21 14:19:58.242834+00:00,1,2
REVEL - LABEGE,", Rond-point route de Revel / route de Labège face Jardiland et Midas,",13,0,OPEN,43.570862,1.49832,2025-10-21 14:19:58.242834+00:00,0,1
DOUMERGUE - DAUDET,"Face 142, rue Gaston Doumergue - Tournefeuille",7,9,OPEN,43.586113,1.352169,2025-10-21 14:19:58.242834+00:00,0,0
SUISSE - LAUSANNE,62 BD DE SUISSE,4,18,OPEN,43.615988,1.42163,2025-10-21 14:19:58.242834+00:00,0,1
RAMONVILLE MÉTRO,Avenue Flora Tristan sur le côté sud du bâtiment d’accès métro - Ramonville,1,4,OPEN,43.55563,1.476132,2025-10-21 14:19:58.242834+00:00,1,1
COLOMBETTE - MAURY,41 RUE DE LA COLOMBETTE,6,10,OPEN,43.604565,1.453659,2025-10-21 14:19:58.242834+00:00,2,0
PLACE ROUAIX,1 RUE DES TOURNEURS,14,3,OPEN,43.599525,1.445544,2025-10-21 14:19:58.242834+00:00,2,2
LAGANNE - TEINTURIERS,37 RUE LAGANNE,4,14,OPEN,43.596667,1.436229,2025-10-21 14:19:58.242834+00:00,1,0
REYNERIE - LONDRES,"9, rue de Londres",6,7,OPEN,43.569148,1.408256,2025-10-21 14:19:58.242834+00:00,0,2
FER A CHEVAL - COURS DILLON,3 RUE LAGANNE,3,16,OPEN,43.593227,1.435062,2025-10-21 14:19:58.242834+00:00,0,1
BILLIÈRE - CHAMPETRE,12  AV  ETIENNE  BILLIERES,11,5,OPEN,43.597539,1.428891,2025-10-21 14:19:58.242834+00:00,2,1
ATLANTA - CAUNES,Face dépot Tisséo sur avenue Atlanta,9,4,OPEN,43.64046,1.469314,2025-10-21 14:19:58.242834+00:00,0,1
PERI - MERCADIER,30 RUE GABRIEL PERI,1,22,OPEN,43.606208,1.455005,2025-10-21 14:19:58.242834+00:00,1,1
ALSACE - LORRAINE - POMME,62 RUE DE LA POMME,9,9,OPEN,43.603302,1.445454,2025-10-21 14:19:58.242834+00:00,3,0
BD MATABIAU - INGRES,57 RUE DU PRINTEMPS,3,13,OPEN,43.614574,1.443571,2025-10-21 14:19:58.242834+00:00,0,1
BARRIERE DE LOMBEZ,39 BIS AV DE LOMBEZ,12,10,OPEN,43.595503,1.418503,2025-10-21 14:19:58.242834+00:00,2,3
JARDIN RAYMOND VI,ALLEE CHARLES DE FITTE / FACE JARDIN RAYMOND VI,11,22,OPEN,43.599797,1.429521,2025-10-21 14:19:58.242834+00:00,1,1
PLACE ROQUELAINE,32 PL ROQUELAINE,1,22,OPEN,43.612615,1.448286,2025-10-21 14:19:58.242834+00:00,1,1
PLACE ROBERT SCHUMAN,5 PL ROBERT SCHUMAN,2,14,OPEN,43.609622,1.449431,2025-10-21 14:19:58.242834+00:00,2,0
UNIV. PAUL SABATIER MÉTRO,118  RTE DE NARBONNE,10,19,OPEN,43.561074,1.462928,2025-10-21 14:19:58.242834+00:00,1,1
ROSTAND - BOUQUETINS,RUE DES BOUQUETINS ANGLE RUE EDMOND ROSTAND,9,11,OPEN,43.641013,1.448524,2025-10-21 14:19:58.242834+00:00,1,1
PLACE SAINT-JULIEN,PLACE SAINT JULIEN,18,6,OPEN,43.608639,1.436965,2025-10-21 14:19:58.242834+00:00,1,0
00343 CHAUBET - CHIRAC,,0,12,OPEN,43.604681,1.474453,2025-10-21 14:19:58.242834+00:00,0,3
MAFFRE - BASSO CAMBO,"Rue Robert Maffre, face 123, chemin de Basso Cambo",2,11,OPEN,43.561453,1.384967,2025-10-21 14:19:58.242834+00:00,0,2
DESBALS - FIEUX,187 RUE HENRI DESBALS,16,1,OPEN,43.58456,1.415683,2025-10-21 14:19:58.242834+00:00,2,1
LASCROSSES - LECLERC,47 BD LASCROSSES,17,8,OPEN,43.609277,1.432157,2025-10-21 14:19:58.242834+00:00,1,1
SALADE PONSAN - COTEAUX,"2, rue Thomas Edison",4,9,OPEN,43.567744,1.451907,2025-10-21 14:19:58.242834+00:00,0,1
CITE DE L'ESPACE,Parking Cité de l’Espace le long de l’avenue Jean Gonord,7,5,OPEN,43.586894,1.492386,2025-10-21 14:19:58.242834+00:00,0,1
ZENITH TRAMWAY,"Face 151, avenue de Grande-Bretagne / Massonié",1,10,OPEN,43.601356,1.411617,2025-10-21 14:19:58.242834+00:00,0,2
BELIN - ONERA,4 AV EDOUARD BELIN DEVANT ONERA FACE AU CREPS,4,16,OPEN,43.570117,1.473463,2025-10-21 14:19:58.242834+00:00,0,1
NÉGO SAOUMOS - ZIEGLER,"50m avant 5, rue Négo Saoumos",4,9,OPEN,43.605637,1.364053,2025-10-21 14:19:58.242834+00:00,0,1
LIFFARD - REGUELONGUE,Liffard - Règuelongue,2,11,OPEN,43.55978,1.37828,2025-10-21 14:19:58.242834+00:00,0,0
SERRES - ARNAUD BERNARD,33 AV HONORE SERRES,6,11,OPEN,43.612627,1.438268,2025-10-21 14:19:58.242834+00:00,2,1
BRIENNE - MANUFACTURE,19T ALL DE BRIENNE,0,23,OPEN,43.605381,1.432485,2025-10-21 14:19:58.242834+00:00,0,1
BAROUX - LIMAYRAC,"Avenue Lucien Baroux, face parking Place Auguste Albert",4,13,OPEN,43.591603,1.479018,2025-10-21 14:19:58.242834+00:00,0,1
ROUTE DE BLAGNAC - BERNIES,15 RUE PAUL BERNIES,8,9,OPEN,43.611584,1.414669,2025-10-21 14:19:58.242834+00:00,0,1
MONTEL - LANGUEDOC,"Devant 17, boulevard Eugène Montel - Tournefeuille",8,8,OPEN,43.585029,1.342821,2025-10-21 14:19:58.242834+00:00,0,2
ROUTE DE SEYSSES - BELLEFONTAINE,"Face 10, allée Bellefontaine",2,10,OPEN,43.562792,1.406829,2025-10-21 14:19:58.242834+00:00,0,1
LESPINET - HERBETTES,ANGLE AVENUE DE LESPINET ET RUE GEORGES BIDAULT,3,22,OPEN,43.576637,1.470245,2025-10-21 14:19:58.242834+00:00,0,1
POIDS DE L'HUILE,12 RUE DU POIDS DE L'HUILE,16,2,OPEN,43.60419,1.445475,2025-10-21 14:19:58.242834+00:00,3,1
STE - LUCIE - ARCS ST - CYPRIEN,53 RUE SAINTE-LUCIE,2,15,OPEN,43.593516,1.430039,2025-10-21 14:19:58.242834+00:00,1,2
PLACE VICTOR HUGO,6 RUE DU REMPART VILLENEUVE,15,10,OPEN,43.605777,1.446507,2025-10-21 14:19:58.242834+00:00,3,1
PLACE PAUL RICHÉ,PL PAUL RICHE A COTE 231 AV DE FRONTON,6,14,OPEN,43.647504,1.43286,2025-10-21 14:19:58.242834+00:00,0,1
PARC DE GIRONIS,Parking salle des fêtes de Lafourguette,0,12,OPEN,43.564067,1.413739,2025-10-21 14:19:58.242834+00:00,0,0
CARTOUCHERIE TRAMWAY,Place de la Charte des Libertes (le long du tram),1,11,OPEN,43.602797,1.408133,2025-10-21 14:19:58.242834+00:00,0,1
AV. DE MURET - DUBOUL,"3, rue Axel Duboul - Carrefour avenue de Muret",5,6,OPEN,43.57981,1.4237,2025-10-21 14:19:58.242834+00:00,0,1
RAYNAL - LOUIN,50M APRES 4 RUE PIERRETTE LOUIN,6,9,OPEN,43.628145,1.451413,2025-10-21 14:19:58.242834+00:00,0,2
RE DE ST - SIMON - PRADO,355 ROUTE DE SAINT-SIMON,6,14,OPEN,43.587845,1.409785,2025-10-21 14:19:58.242834+00:00,0,1
PLACE DU SALIN,18 PL DU SALIN,22,10,OPEN,43.594461,1.443822,2025-10-21 14:19:58.242834+00:00,2,3
BORDEROUGE - MÉTRO,FACE 52 AV BOURGES MAUNOURY,0,28,OPEN,43.639633,1.452569,2025-10-21 14:19:58.242834+00:00,1,1
TOURAINE - AUVERGNE,38 RUE DE LA TOURAINE,16,2,OPEN,43.573708,1.41394,2025-10-21 14:19:58.242834+00:00,0,1
BORDEBLANCHE - BROUSSIN,"16, chemin de Bordeblanche",8,5,OPEN,43.582717,1.386115,2025-10-21 14:19:58.242834+00:00,0,2
RANGUEIL - MÉTRO,23 RUE GUYOU,7,13,OPEN,43.57421,1.462367,2025-10-21 14:19:58.242834+00:00,1,1
BONNEFOY - LEMAITRE,179 RUE DU FAUBOURG BONNEFOY,3,13,OPEN,43.622963,1.458647,2025-10-21 14:19:58.242834+00:00,0,1
VIGUERIE -  LANGE,1 PL LANGE,4,15,OPEN,43.601016,1.434129,2025-10-21 14:19:58.242834+00:00,1,0
TERRASSE - MONT VENTOUX,FACE 42 CHE DE LA TERRASSE,0,15,OPEN,43.586086,1.482942,2025-10-21 14:19:58.242834+00:00,0,1
CHATEAU D'EAU,12 PLACE LAGANNE,14,1,OPEN,43.59859,1.436594,2025-10-21 14:19:58.242834+00:00,1,1
POMPIDOU - MARNAC,"Face 9, allée Georges Pompidou - Ramonville",2,5,OPEN,43.548859,1.477414,2025-10-21 14:19:58.242834+00:00,0,2
BORNE CGB ATELIER,16 rue Brouardel,8,3,OPEN,43.6159088,1.0001755,2025-10-21 14:19:58.242834+00:00,0,0
DUMERIL - SAINT JOSEPH,FACE 104 RUE ALFRED DUMERIL,4,13,OPEN,43.591224,1.452159,2025-10-21 14:19:58.242834+00:00,0,3
AV. DE REYNERIE - VAUQUELIN,FACE 85 RUE VAUQUELIN,11,9,OPEN,43.576221,1.406355,2025-10-21 14:19:58.242834+00:00,1,0
ILE DU RAMIER - PASSERELLE CONTI,ILE DU RAMIER - PASSERELLE CONTI,2,10,OPEN,43.580259,1.434156,2025-10-21 14:19:58.242834+00:00,0,0
SAINT-MICHEL - CASTELET,18 B GRANDE RUE ST MICHEL,4,16,OPEN,43.58585,1.447374,2025-10-21 14:19:58.242834+00:00,1,0
LESTAND - PERGAUD,"32, chemin de Lestang – passage Louis Pergaud",7,5,OPEN,43.564715,1.395886,2025-10-21 14:19:58.242834+00:00,1,1
GUESDE - OZENNE,35 ALL JULES GUESDE,2,20,OPEN,43.594812,1.449176,2025-10-21 14:19:58.242834+00:00,2,2
FRONTON - ALLENDE,Avenue Salvador Allende – parking face restaurant « la côte et l’arête » - Aucamville,8,6,OPEN,43.661581,1.43105,2025-10-21 14:19:58.242834+00:00,0,1
AV. DE MURET - LAFAGE,121 AVENUE DE MURET,3,15,OPEN,43.584339,1.427597,2025-10-21 14:19:58.242834+00:00,0,1
PLACE DU BUSCA,PLACE DU BUSCA / FACE ECOLE JEAN JAURES,4,10,OPEN,43.588588,1.451003,2025-10-21 14:19:58.242834+00:00,1,1
DAURAT - CORNEMONT,"2, rue René Cornemont - Face rond-point Henri Erable",0,10,OPEN,43.56481,1.488996,2025-10-21 14:19:58.242834+00:00,0,1
BRUNAUD - PLANA,FACE 100 AV YVES BRUNAUD,8,11,OPEN,43.619291,1.468681,2025-10-21 14:19:58.242834+00:00,1,1
SOUPETARD - GENÊTS,"42, rue Soupetard",2,11,OPEN,43.610183,1.472401,2025-10-21 14:19:58.242834+00:00,0,1
RIQUET - CAMICHEL,1 RUE CHARLES CAMICHEL,13,8,OPEN,43.602708,1.454367,2025-10-21 14:19:58.242834+00:00,1,0
LASCROSSES - ARNAUD BERNARD,3B BD LASCROSSES,5,18,OPEN,43.611271,1.438093,2025-10-21 14:19:58.242834+00:00,1,1
00068  PALAIS DE JUSTICE - METRO,1 BIS ALLEE JULES GUESDE,3,9,OPEN,43.592782,1.444726,2025-10-21 14:19:58.242834+00:00,1,2
CHAUSSAS - DAUDET,96 RUE DE CHAUSSAS,2,16,OPEN,43.619704,1.429176,2025-10-21 14:19:58.242834+00:00,0,0
AUCAMVILLE MAIRIE,"101, Route de fronton - Aucamville",6,10,OPEN,43.667507,1.429317,2025-10-21 14:19:58.242834+00:00,0,2
LARDENNE - MAXWELL,"Face 343, avenue de Lardenne et du groupe scolaire Emilie Chatelet",2,14,OPEN,43.590272,1.367674,2025-10-21 14:19:58.242834+00:00,0,2
HOTEL DE DÉPARTEMENT,1 BD DE LA MARQUETTE,3,21,OPEN,43.615275,1.434944,2025-10-21 14:19:58.242834+00:00,2,2
BLAGNAC MAIRIE,"Place Jean-Louis Puig, face mairie - Blagnac",11,5,OPEN,43.634559,1.397157,2025-10-21 14:19:58.242834+00:00,0,2
PLACE ANTONIN FROIDURE,12 AV BOURGES MAUNOURY,11,7,OPEN,43.628672,1.448469,2025-10-21 14:19:58.242834+00:00,0,3
CAPELLES - ECOLE VETERINAIRE,,3,10,OPEN,43.601523,1.384712,2025-10-21 14:19:58.242834+00:00,0,1
ARTHAUD - NETWILLER,RON?D-POINT NETWILLER - BORDEROUGE,9,9,OPEN,43.643358,1.455501,2025-10-21 14:19:58.242834+00:00,1,3
CHEMIN DE TOURNEFEUILLE - BOURIETTE,"Parking, 212 chemin de Tournefeuille",1,12,OPEN,43.605078,1.376499,2025-10-21 14:19:58.242834+00:00,0,1
PUJOL - PÉRIGNON,6 AV LOUIS BLERIOT,1,18,OPEN,43.600361,1.464039,2025-10-21 14:19:58.242834+00:00,0,1
COLONNE - SALONIQUE,"Face 90, avenue de la Colonne, 30 m après angle rue de Caillibens",3,10,OPEN,43.610556,1.464953,2025-10-21 14:19:58.242834+00:00,0,1
LARDENNE - CALQUET,"Face au 145, avenue de Lardenne / Chemin de Calquet",6,7,OPEN,43.5937364,1.3911254,2025-10-21 14:19:58.242834+00:00,0,1
CARNOT - IDRAC,6 BD LAZARE CARNOT,2,23,OPEN,43.601372,1.452038,2025-10-21 14:19:58.242834+00:00,1,1
FOURNIER - JARDINERIE,Rue Alain Fournier,4,9,OPEN,43.606486,1.36915,2025-10-21 14:19:58.242834+00:00,0,1
RUE DE CUGNAUX - GRAVETTE,RUE DE CUGNAUX,10,7,OPEN,43.593147,1.424313,2025-10-21 14:19:58.242834+00:00,2,0
EISENHOWER - LESTANG,"Avenue du général Eisenhower, face au collège Saint Simon",9,3,OPEN,43.5599624,1.3944267,2025-10-21 14:19:58.242834+00:00,0,2
GUILLAUMET - CEAT,"Face 24, avenue Henri Guillaumet (nouveau quartier)",4,9,OPEN,43.61445,1.469636,2025-10-21 14:19:58.242834+00:00,0,0
BONNEFOY - ARAGO,18 RUE BONNEFOY,14,6,OPEN,43.616939,1.454243,2025-10-21 14:19:58.242834+00:00,0,1
SELLIER - MOUETTES,2 RUE DES MOUETTES / ANGLE ALL HENRI SELLIER,3,13,OPEN,43.576893,1.440049,2025-10-21 14:19:58.242834+00:00,1,2
NARBONNE - SAHUQUE,FACE 88 RTE DE NARBONNE STATION ESSO,16,4,OPEN,43.566528,1.458648,2025-10-21 14:19:58.242834+00:00,0,1
VESTREPAIN - LOT,RUE DU LOT / 100M AVANT LA RUE VESTREPAIN,6,11,OPEN,43.583264,1.407055,2025-10-21 14:19:58.242834+00:00,0,2
CARNOT - LABEDA,63 BD LAZARE CARNOT,8,16,OPEN,43.604079,1.450158,2025-10-21 14:19:58.242834+00:00,3,1
JAURES - BONREPOS,81 ALLEE JEAN JAURES,3,20,OPEN,43.609222,1.453542,2025-10-21 14:19:58.242834+00:00,1,2
PLACE DES TIBAOUS,"Face 11 et 13, rue Missak Manouchian",1,10,OPEN,43.550424,1.386158,2025-10-21 14:19:58.242834+00:00,0,1
RENAN - VITRY,93 RUE ERNEST RENAN ANGLE RUE VITRY,13,5,OPEN,43.635856,1.443828,2025-10-21 14:19:58.242834+00:00,1,1
PLACE SAINT-ETIENNE,14 PL SAINT-ETIENNE,7,15,OPEN,43.600055,1.449273,2025-10-21 14:19:58.242834+00:00,3,0
GRANDE-BRETAGNE - BADIOU,103 BIS AV DE GRANDE BRETAGNE ANGLE RUE BADIOU,1,16,OPEN,43.599732,1.415372,2025-10-21 14:19:58.242834+00:00,0,1
PUJOL - GOUJON,6 RUE JEAN GOUJON,5,16,OPEN,43.601719,1.458019,2025-10-21 14:19:58.242834+00:00,1,1
JARDIN NIEL,FACE 80 RUE SAINT ROCH / ANGLE AC DU 14EME REGIMENT D'INFANTERIE,2,13,OPEN,43.578687,1.446733,2025-10-21 14:19:58.242834+00:00,2,1
FRONTON - DUCLOS,RUE LEONCE DUCLOS / ANGLE AV DE FRONTON FACE 26 IMP DU BARON,2,16,OPEN,43.644963,1.433998,2025-10-21 14:19:58.242834+00:00,0,1
FAC. DE PHARMACIE MÉTRO,FACE 35 CHEMIN DES MARAICHERS,5,12,OPEN,43.568165,1.464353,2025-10-21 14:19:58.242834+00:00,1,2
EGLISE DES MINIMES,27 AV DES MINIMES,2,16,OPEN,43.618287,1.436857,2025-10-21 14:19:58.242834+00:00,2,1
MAL CLABEL - AUDE,FACE 25 RUE DE L AUDE,2,15,OPEN,43.583202,1.481757,2025-10-21 14:19:58.242834+00:00,0,1
PLACE DE LA DAURADE,2 PL DE LA DAURADE,16,6,OPEN,43.601888,1.440368,2025-10-21 14:19:58.242834+00:00,1,0
ROUTE DE LAUNAGUET - DELBO,"Rond-point, 50m avant 283, route de Launaguet",3,9,OPEN,43.651318,1.438377,2025-10-21 14:19:58.242834+00:00,0,1
DESBALS - BOUALAM,1 IMPASSE BACHAGA BOUALAM,11,6,OPEN,43.579171,1.410939,2025-10-21 14:19:58.242834+00:00,1,1
LA VACHE MÉTRO,FACE AU 8 RUE PAUL VERLAINE,0,19,OPEN,43.633454,1.435519,2025-10-21 14:19:58.242834+00:00,1,1
METZ - MARCHANDS,28 RUE DES MARCHANDS,11,23,OPEN,43.600021,1.44293,2025-10-21 14:19:58.242834+00:00,2,2
BAYONNE - FLAMBERE,"73, route de Bayonne",1,12,OPEN,43.608267,1.389792,2025-10-21 14:19:58.242834+00:00,0,1
CURIE - CAMPISTRON,78 BD PIERRE ET MARIE CURIE,4,14,OPEN,43.62563,1.439513,2025-10-21 14:19:58.242834+00:00,1,2
CATELLAN - CAZENEUVE,RUE MARIE CLAIRE DE CATELLAN (10M AVANT LE PONT SNCF LE LONG DE LA PISTE CYCLABE),9,7,OPEN,43.626914,1.444986,2025-10-21 14:19:58.242834+00:00,0,2
MICHOUN - HYERES,70 CHEMIN MICHOUN,2,16,OPEN,43.62724,1.469293,2025-10-21 14:19:58.242834+00:00,0,2
ANCELY TRAMWAY,FACE 151 AV DES ARENES ROMAINES,6,14,OPEN,43.619301,1.396986,2025-10-21 14:19:58.242834+00:00,0,0
SAINT - BERNARD - BERALDI,11 RUE HENRI BERALDI,6,9,OPEN,43.608605,1.4436,2025-10-21 14:19:58.242834+00:00,2,1
GRYNFOGEL - GAILLARDIE,"Face 130, Chemin de Gaillardie",1,15,OPEN,43.579985,1.37018,2025-10-21 14:19:58.242834+00:00,0,1
AV . DE RANGUEIL  - BEDOUCE,35 AV DE RANGUEIL,8,6,OPEN,43.576773,1.454742,2025-10-21 14:19:58.242834+00:00,1,2
NETWILLER - EBELOT,RD-PT DE L'ABBE LAFFORGUE ANGLE RUE HENRI EBELOT,10,10,OPEN,43.642859,1.461124,2025-10-21 14:19:58.242834+00:00,0,2
LARDENNE GARE,"Face 10, chemin de Capelles",4,9,OPEN,43.597343,1.383108,2025-10-21 14:19:58.242834+00:00,0,2
BARCELONE - SANIERES,152 ALL DE BARCELONE,2,15,OPEN,43.610343,1.420407,2025-10-21 14:19:58.242834+00:00,0,1
PLACE JOSEPH BAYLAC,PL DU DR JOSEPH BAYLAC ANGLE AV DES ARENES ROMAINES,10,10,OPEN,43.608597,1.397192,2025-10-21 14:19:58.242834+00:00,0,2
OCCITANE - MARCO POLO,"Face 1202, rue L’Occitane – Labège (à côté de Hife Toulouse – résidence de coliving) – Labège",5,10,OPEN,43.542949,1.508834,2025-10-21 14:19:58.242834+00:00,0,0
AMOUROUX - ST-TROPEZ,42 CHEMIN AMOUROUX,2,16,OPEN,43.629655,1.466259,2025-10-21 14:19:58.242834+00:00,0,1
SÉJOURNÉ - PT DES CATALANS,1 AV PAUL SEJOURNE,4,16,OPEN,43.605804,1.428054,2025-10-21 14:19:58.242834+00:00,0,2
POUVOURVILLE - GOSCINNY,"Chemin de Pouvourville, face rue de la Cocagne",7,6,OPEN,43.550243,1.457515,2025-10-21 14:19:58.242834+00:00,0,1
BOURGES - MAUNOURY - SÉGLA,25 AV MAURICE BOURGES MAUNOURY,10,8,OPEN,43.633171,1.450638,2025-10-21 14:19:58.242834+00:00,0,1
PLACE DU FER A CHEVAL,5 PLACE DU FER A CHEVAL,7,9,OPEN,43.592366,1.434121,2025-10-21 14:19:58.242834+00:00,0,1
FONTAINE LESTANG METRO,237 RUE HENRI DESBALS,12,5,OPEN,43.587389,1.417918,2025-10-21 14:19:58.242834+00:00,2,0
MARQUETTE - SÉBASTOPOL,40 RUE SEBASTOPOL,16,3,OPEN,43.612279,1.428827,2025-10-21 14:19:58.242834+00:00,0,0
VELASQUEZ - TAMARIS,Entrée Airbus - Carrefour rue Velasquez – rue Tamaris - Blagnac,5,10,OPEN,43.621004,1.390347,2025-10-21 14:19:58.242834+00:00,0,0
BARCELONE - LECLERC,2 BD DU MARECHAL LECLERC,2,20,OPEN,43.606847,1.430615,2025-10-21 14:19:58.242834+00:00,0,2
LAVAUR - DALOU,"41, rue Jules Dalou - Angle avenue Lavaur",1,11,OPEN,43.622578,1.462668,2025-10-21 14:19:58.242834+00:00,0,1
SAINT-EXUPERY - BUTTE,165 AV ANTOINE DE ST EXUPERY,6,11,OPEN,43.581632,1.475865,2025-10-21 14:19:58.242834+00:00,0,1
MISTRAL - FLEURANCE,18 ALLEE FREDERIC MISTRAL,0,18,OPEN,43.593567,1.453066,2025-10-21 14:19:58.242834+00:00,0,2
DESBALS - SAINTONGE,PL GENEVIEVE ANTHONIOZ DE GAULLE / ANGLE RUE HENRY DESBALS,13,5,OPEN,43.581384,1.413607,2025-10-21 14:19:58.242834+00:00,2,0
PARC DE LA POUDRERIE,Face 8 et 9 chemin de la loge Ile du Ramier - Toulouse,3,8,OPEN,43.576697,1.43429,2025-10-21 14:19:58.242834+00:00,0,0
BRIENNE - DELORME,99 ALL DE BRIENNE,3,18,OPEN,43.608424,1.423848,2025-10-21 14:19:58.242834+00:00,0,1
PLACE ANATOLE FRANCE,40 PL ANATOLE FRANCE,8,16,OPEN,43.606241,1.438341,2025-10-21 14:19:58.242834+00:00,0,0
GRENADE - GAUGUIN,"Face 2, rue Claude Monet - Blagnac",3,13,OPEN,43.641431,1.387603,2025-10-21 14:19:58.242834+00:00,0,1
ESPAGNE - CURIEN,"2, avenue Hubert Curien face entrée Pierre Fabre et IUCT",1,10,OPEN,43.558038,1.426581,2025-10-21 14:19:58.242834+00:00,0,1
ALBI - NICOL,FACE 163 CHE NICOL,12,5,OPEN,43.635586,1.464289,2025-10-21 14:19:58.242834+00:00,0,4
GALLIENI GARE,FACE 296 RTE DE SEYSSES / HALTE SNCF GALLIENI - CANCEROPOLE,9,8,OPEN,43.573998,1.419495,2025-10-21 14:19:58.242834+00:00,0,1
HOTEL DE POLICE,1 RUE DE CHAUSSAS,5,17,OPEN,43.61497,1.432909,2025-10-21 14:19:58.242834+00:00,2,1
LOIS - CAPITOL,10 RUE DES LOIS,8,9,OPEN,43.605161,1.442323,2025-10-21 14:19:58.242834+00:00,1,1
PUJOL - CHAUBET,129 AV DE CASTRES,3,12,OPEN,43.600704,1.467249,2025-10-21 14:19:58.242834+00:00,0,0
CHÂT DE L'HERS - FONTANELLES,CH DU CHATEAU DE L'HERS / ANGLE CH FONTANELLES,10,6,OPEN,43.600712,1.48356,2025-10-21 14:19:58.242834+00:00,0,2
TOURNEFEUILLE MAIRIE,"""Place de la mairie de Tournefeuille - face 69, rue Gaston Doumergue - Tournefeuille""",7,8,OPEN,43.583665,1.346042,2025-10-21 14:19:58.242834+00:00,0,2
ROQUEMAUREL - MAILLARD,RUE ROQUEMAUREL / ANGLE 3 RUE ANNE FRANCK,2,16,OPEN,43.596069,1.410505,2025-10-21 14:19:58.242834+00:00,0,0
EGLISE - LARDENNE,"199, avenue de Lardenne",4,9,OPEN,43.591193,1.384961,2025-10-21 14:19:58.242834+00:00,0,1
PLACE ROSINE BET,"4, place Rosine Bet",3,9,OPEN,43.623355,1.467742,2025-10-21 14:19:58.242834+00:00,1,2
BONREPOS - RAYMOND IV,FACE AU 66 RUE RAYMOND IV,1,18,OPEN,43.612475,1.451558,2025-10-21 14:19:58.242834+00:00,1,3
PLACE DU PONT - NEUF,DEVANT 12 PLACE DU PONT NEUF,19,5,OPEN,43.599598,1.440942,2025-10-21 14:19:58.242834+00:00,2,1
REVEL - ARMENTIÈRES,"Face, 1 rue d'Armentières",9,1,OPEN,43.573815,1.491081,2025-10-21 14:19:58.242834+00:00,0,1
SALADE PONSAN - SAHUQUE,"Face au 49, chemin salade Ponsan",8,5,OPEN,43.563636,1.45531,2025-10-21 14:19:58.242834+00:00,0,1
JARDIN DU PECH,395 ROUTE DE SAINT SIMON,3,15,OPEN,43.590046,1.415246,2025-10-21 14:19:58.242834+00:00,2,1
ÎLE DU RAMIER TRAMWAY,"Carrefour pont Saint Michel  /  avenue du Grand Ramier, face Théâtre de verdure",2,10,OPEN,43.592077,1.439829,2025-10-21 14:19:58.242834+00:00,1,1
DUPORTAL - RAYMOND V,39 BD ARMAND DUPORTAL,13,8,OPEN,43.608571,1.434762,2025-10-21 14:19:58.242834+00:00,1,1
AV. DE MURET TRAMWAY,219 AV DE MURET,6,12,OPEN,43.589126,1.431449,2025-10-21 14:19:58.242834+00:00,0,0
CARNOT - PERI,1 RUE DES 7 TROUBADOURS,4,19,OPEN,43.605571,1.449297,2025-10-21 14:19:58.242834+00:00,3,1
LOIS - ESQUILE,1 RUE DE L ESQUILE,3,11,OPEN,43.606146,1.44135,2025-10-21 14:19:58.242834+00:00,2,0
CROIX DE PIERRE TRAMWAY,2 BD DEODAT DE SEVERAC,4,9,OPEN,43.585732,1.427853,2025-10-21 14:19:58.242834+00:00,0,1
STADE TOULOUSAIN,114 RUE DES TROENES / ANGLE STADE ERNEST WALLON,14,16,OPEN,43.620607,1.415125,2025-10-21 14:19:58.242834+00:00,0,0
PLACE DU RELAIS TRAMWAY,"Parking face 46, rue de Bûches - Blagnac",1,12,OPEN,43.636972,1.39127,2025-10-21 14:19:58.242834+00:00,0,1
CHIRAC - CHAUMIERE,RUE DE LA CHAUMIERE / 50 M APRES RD-PT DU CAPITAINE DREYFUS,1,16,OPEN,43.6152,1.465444,2025-10-21 14:19:58.242834+00:00,1,3
ATLANTA - AGDE,67 RTE D'AGDE / RD PT DAVID FREIMAN,6,9,OPEN,43.627013,1.477098,2025-10-21 14:19:58.242834+00:00,1,0
GLOIRE - CHIRAC,"Face 2 bis, chemin de Pelleport",0,13,OPEN,43.606975,1.473375,2025-10-21 14:19:58.242834+00:00,0,3
RAYNAL - ALLIER,"Face 81, chemin Raynal",2,9,OPEN,43.631641,1.454852,2025-10-21 14:19:58.242834+00:00,0,0
URSS - MARAN,57 AV DE L'URSS,1,15,OPEN,43.580915,1.449198,2025-10-21 14:19:58.242834+00:00,1,1
VOSGES - BEAUCE,"66, rue de la Beauce",5,9,OPEN,43.581868,1.419446,2025-10-21 14:19:58.242834+00:00,1,1
PLACE NINA SIMONE,Route de Labège (quartier en construction),4,3,OPEN,43.567293,1.500385,2025-10-21 14:19:58.242834+00:00,0,1
ROSTAND - EIDENBENZ,"32, 34 rue Edmond Rostand",10,3,OPEN,43.644197,1.463566,2025-10-21 14:19:58.242834+00:00,0,2
PLACE BILA,FACE 3 PL BILA,9,11,OPEN,43.626597,1.458835,2025-10-21 14:19:58.242834+00:00,0,3
PLANA - CASSAING,5 CH CASSAING,3,13,OPEN,43.616938,1.473616,2025-10-21 14:19:58.242834+00:00,1,1
PLACE ROGER ARNAUD,PL ROGER ARNAUD,7,11,OPEN,43.586859,1.463178,2025-10-21 14:19:58.242834+00:00,0,2
MARTRE - CAULET,"6, rue de Caulet - Carrefour rue de Caulet / rue Marius Tercé",2,11,OPEN,43.606204,1.355664,2025-10-21 14:19:58.242834+00:00,0,2
ANDROMÈDE LYCÉE TRAMWAY,"Face 18, boulevard Alain Savary et face Storting village - Blagnac",7,9,OPEN,43.654817,1.375528,2025-10-21 14:19:58.242834+00:00,0,1
ALBI - LUCHET,147 RTE D'ALBI,7,11,OPEN,43.637842,1.464879,2025-10-21 14:19:58.242834+00:00,0,2
BASE DE LOISIRS SESQUIERES,Lac de Sesquières  - Devant l'entrée Wam Park,6,7,OPEN,43.651836,1.419854,2025-10-21 14:19:58.242834+00:00,0,0
PORT SAINT SAUVEUR - SEEL,FACE AU 5 PORT SAINT-SAUVEUR,5,15,OPEN,43.596411,1.456584,2025-10-21 14:19:58.242834+00:00,0,1
RTE DE LAUNAGUET - AUDIBERT,FACE 112 RTE DE LAUNAGUET,8,8,OPEN,43.636446,1.438984,2025-10-21 14:19:58.242834+00:00,2,1
EGLISE BONNEFOY,8 ALLEE DE L'EGLISE BONNEFOY,7,12,OPEN,43.619031,1.456759,2025-10-21 14:19:58.242834+00:00,0,1
RECLUSANE - PLACE OLIVIER,"PLACE OLIVIER, DEVANT N°1 RUE  RECLUSANE",15,0,OPEN,43.598478,1.434043,2025-10-21 14:19:58.242834+00:00,1,0
BRANLY - PLACE RUSSELL,47 ALLEE BRANLY,7,12,OPEN,43.585409,1.453014,2025-10-21 14:19:58.242834+00:00,0,2
LOMBEZ - PETITE VITESSE,59 AV DE LOMBEZ,5,14,OPEN,43.59487,1.415088,2025-10-21 14:19:58.242834+00:00,1,2
ESPAGNE - OUSTALOUS,39 RTE D'ESPAGNE,9,8,OPEN,43.577437,1.423953,2025-10-21 14:19:58.242834+00:00,0,3
ESPAGNE - CHARPENTIER,57 RTE D'ESPAGNE,9,11,OPEN,43.575101,1.424227,2025-10-21 14:19:58.242834+00:00,0,1
ÉTATS-UNIS - CHARLAS,FACE 74 AV DES ETATS-UNIS (GARAGE RENAULT TOULOUSE),1,19,OPEN,43.630519,1.43234,2025-10-21 14:19:58.242834+00:00,2,1
COMPANS - CAFFARELLI MÉTRO,1 ESP COMPANS-CAFFARELLI,14,8,OPEN,43.611073,1.436704,2025-10-21 14:19:58.242834+00:00,1,1
ONCOPOLE TÉLÉO,avenue Irène Joliot Curie,0,11,OPEN,43.554843,1.428013,2025-10-21 14:19:58.242834+00:00,0,2
PORT ST - SAUVEUR - SABATIER,16 ALL PAUL SABATIER,9,11,OPEN,43.596652,1.45564,2025-10-21 14:19:58.242834+00:00,0,1
ARGOULETS MÉTRO,FACE 8 RUE DE GAILLAC,18,2,OPEN,43.623823,1.475935,2025-10-21 14:19:58.242834+00:00,1,1
CHAINE - TIERCERETTES,10 RUE DE LA CHAINE,7,10,OPEN,43.608674,1.439461,2025-10-21 14:19:58.242834+00:00,1,0
VIDAL - SAINT - JEROME,19 RUE PAUL VIDAL,12,12,OPEN,43.603205,1.448118,2025-10-21 14:19:58.242834+00:00,4,0
PLACE DE SOUPETARD,3 PLACE DE SOUPETARD,5,13,OPEN,43.612162,1.477347,2025-10-21 14:19:58.242834+00:00,0,2
ZAMENHOF,10/12 RUE ZAMENHOF,5,13,OPEN,43.585431,1.377279,2025-10-21 14:19:58.242834+00:00,0,1
CASTRES - ACHIARY,48 AV DE CASTRES,0,16,OPEN,43.600828,1.473579,2025-10-21 14:19:58.242834+00:00,0,2
MONTPLAISIR - DELIEUX,FACE 43 RUE MONTPLAISIR,0,17,OPEN,43.592347,1.457491,2025-10-21 14:19:58.242834+00:00,0,0
LAFAYETTE,21 RUE LAFAYETTE,17,4,OPEN,43.604885,1.445306,2025-10-21 14:19:58.242834+00:00,3,1
DELTOUR - RIEUX,4 BD DELTOUR,0,22,OPEN,43.591484,1.470014,2025-10-21 14:19:58.242834+00:00,0,1
BELIN - ROCHE,7 AV EDOUARD BELIN ANGLE AV ROCHE RD-PT GUY DU MERLE,11,11,OPEN,43.565079,1.478297,2025-10-21 14:19:58.242834+00:00,0,1
SAOUZELONG - MÉTRO,FACE 79 AV ALBERT BEDOUCE,5,15,OPEN,43.579846,1.460126,2025-10-21 14:19:58.242834+00:00,1,0
TOLOSANE - POUCIQUOT,25 avenue de Tolosane – Ramonville,5,2,OPEN,43.551101,1.469875,2025-10-21 14:19:58.242834+00:00,0,3
PLACE ESQUIROL,15 PL ETIENNE ESQUIROL,35,6,OPEN,43.600348,1.444659,2025-10-21 14:19:58.242834+00:00,3,1
LAPUJADE - BARTOLI,"Face 72, chemin de  Lapujade",2,11,OPEN,43.622099,1.453553,2025-10-21 14:19:58.242834+00:00,0,1
PLACE JEANNE D'ARC,1 RUE RAYMOND IV,4,20,OPEN,43.609602,1.446881,2025-10-21 14:19:58.242834+00:00,2,1
11 NOVEMBRE - NÉGOGOUSSES,RUE DU 11 NOVEMBRE FACE 45 RUE DU 14 JUILLET,13,3,OPEN,43.593052,1.414659,2025-10-21 14:19:58.242834+00:00,1,0
OZENNE - NAZARETH,10 RUE THEODORE OZENNE,10,7,OPEN,43.596314,1.447081,2025-10-21 14:19:58.242834+00:00,2,3
CASSELARDIT - DUCIS,,6,7,OPEN,43.609739,1.406035,2025-10-21 14:19:58.242834+00:00,0,1
SÉJOURNÉ - AMIDONNIERS,2 AV PAUL SEJOURNE,9,6,OPEN,43.605687,1.428225,2025-10-21 14:19:58.242834+00:00,0,2
PASTEUR - LAVOISIER,"26, rue Pasteur – Face La poste sur rue du 19 mars 1962 - Blagnac",1,15,OPEN,43.634625,1.394706,2025-10-21 14:19:58.242834+00:00,0,2
LANGUEDOC - NAZARETH,12 RUE DU LANGUEDOC,3,27,OPEN,43.595247,1.445416,2025-10-21 14:19:58.242834+00:00,2,3
PARC DE LA MOUNEDE,"8, rue Roger Camboulives",4,9,OPEN,43.572131,1.38317,2025-10-21 14:19:58.242834+00:00,0,1
NARBONNE - DURAND,FACE 215 RTE DE NARBONNE ANGLE ALL EMILE DURAND,4,16,OPEN,43.557264,1.46541,2025-10-21 14:19:58.242834+00:00,1,0
PLACE SAINT - JACQUES,1 ALL FORAIN FRANCOIS VERDIER,0,20,OPEN,43.597825,1.451609,2025-10-21 14:19:58.242834+00:00,2,0
ALBI - PELET,191 RTE D'ALBI,9,8,OPEN,43.641034,1.466458,2025-10-21 14:19:58.242834+00:00,0,2
PLACE D'ITALIE,FACE 49 AV D' ITALIE,3,13,OPEN,43.580296,1.45486,2025-10-21 14:19:58.242834+00:00,2,1
NICOL - VASSEUR,"2, rue Vasseur",0,13,OPEN,43.633437,1.469891,2025-10-21 14:19:58.242834+00:00,0,1
POUVOURVILLE - BOURDETTE,Croisement chemin de Pouvourville / Chemin de la Bourdette,0,12,OPEN,43.5552,1.457169,2025-10-21 14:19:58.242834+00:00,0,2
PLACE DU PEYROU,7 RUE DES SALENQUES,13,7,OPEN,43.607369,1.439453,2025-10-21 14:19:58.242834+00:00,0,0
BARRIERE DE BAYONNE,3 BD JEAN BRUNHES,1,14,OPEN,43.597908,1.420144,2025-10-21 14:19:58.242834+00:00,1,1
ARGOULETS - HOUDON,3 RUE JEAN HOUDON,7,10,OPEN,43.622823,1.474083,2025-10-21 14:19:58.242834+00:00,1,0
ROUTE DE BLAGNAC - ROQUES,"Face 149, route de Blagnac / Rond-point Pierre Mounicq",10,3,OPEN,43.622042,1.405735,2025-10-21 14:19:58.242834+00:00,0,2
LOMBEZ - HIPPODROME,FACE 140 AV DE LOMBEZ,4,16,OPEN,43.593979,1.410311,2025-10-21 14:19:58.242834+00:00,0,1
EGLISE SAINT SIMON,"Face 2, place de l’Eglise – Face Caisse d’épargne",4,2,OPEN,43.557175,1.381013,2025-10-21 14:19:58.242834+00:00,0,1
RODIER - PRANVILLE-NÉGRIN,"11, rue Jean Rodier",12,1,OPEN,43.569898,1.485423,2025-10-21 14:19:58.242834+00:00,0,0
RIEUX - VAISSE,"58, avenue Jean Rieux",2,11,OPEN,43.596256,1.462071,2025-10-21 14:19:58.242834+00:00,0,1
DEMOISELLES - CRAMPEL,80 ALL DES DEMOISELLES,8,13,OPEN,43.58771,1.459838,2025-10-21 14:19:58.242834+00:00,0,1
LA CEPIÈRE - BAYLET,87 AV JEAN BAYLET / ANGLE CHEMIN CEPIERES SUR PARKING LYCEE POLYVALENT,3,15,OPEN,43.584444,1.398745,2025-10-21 14:19:58.242834+00:00,0,1
STRASBOURG - BAYARD,32 BD DE STRASBOURG,4,15,OPEN,43.607847,1.446666,2025-10-21 14:19:58.242834+00:00,3,2
ROSTAND - DURAND,"Face 113, rue Edmond Rostand",8,5,OPEN,43.642299,1.4496236,2025-10-21 14:19:58.242834+00:00,1,0
ALBI - AVRANCHES,65 RTE D'ALBI,3,14,OPEN,43.632532,1.463081,2025-10-21 14:19:58.242834+00:00,0,1
PLACE DE DAMLOUP,9 PL DE DAMLOUP,1,17,OPEN,43.605855,1.452805,2025-10-21 14:19:58.242834+00:00,1,0
DEODAT - ARCS SAINT CYPRIEN,"13 et 15, rue des Arcs Saint-Cyprien",6,6,OPEN,43.590111,1.423003,2025-10-21 14:19:58.242834+00:00,2,2
SAINT-EXUPERY - POTEZ,256 AV ANTOINE DE ST EXUPERY,4,14,OPEN,43.579763,1.480838,2025-10-21 14:19:58.242834+00:00,0,2
JARDIN DU BARRY,"Carrefour rue du Docteur Suzanne Noel / Voie du TOEC, face jardins du Barry",1,11,OPEN,43.601379,1.403879,2025-10-21 14:19:58.242834+00:00,0,1
DELTOUR - LAFILAIRE,FACE 25 CHEMIN LAFILAIRE,1,18,OPEN,43.596193,1.473375,2025-10-21 14:19:58.242834+00:00,0,1
LESPINET - MARINE,Place de Lespinet - Face 51 avenue de Lespinet,3,11,OPEN,43.582551,1.464204,2025-10-21 14:19:58.242834+00:00,0,4
LARDENNE - BROMBACH,50 avenue de Lardenne,9,4,OPEN,43.592951,1.40379,2025-10-21 14:19:58.242834+00:00,0,1
ATLANTA - CAMBARD,BD ATLANTA / ANGLE RUE CAMBARD,6,12,OPEN,43.629395,1.476186,2025-10-21 14:19:58.242834+00:00,0,1
SAINT-SERNIN - MERLY,1 RUE MERLY,10,4,OPEN,43.609191,1.442749,2025-10-21 14:19:58.242834+00:00,1,1
SAINT - AGNE GARE,96 AV JULES JULIEN,7,13,OPEN,43.578572,1.450234,2025-10-21 14:19:58.242834+00:00,1,1
VESTREPAIN - BAGATELLE,"7, chemin de Bagatelle",12,0,OPEN,43.584492,1.411057,2025-10-21 14:19:58.242834+00:00,1,2
FITTE -  MAGNE,23 ALL CHARLES DE FITTE,1,16,OPEN,43.59522,1.432503,2025-10-21 14:19:58.242834+00:00,1,3
SANG DE SERP - DAGNAUX,57 CHEMIN DU SANG DE SERP,10,9,OPEN,43.61567,1.428308,2025-10-21 14:19:58.242834+00:00,1,0
BAYONNE - SENTENAC,"Parking face 1, rue René Sentenac (rond-point)",1,11,OPEN,43.608999,1.379956,2025-10-21 14:19:58.242834+00:00,0,1
PLAN DU PORT,Face n° 2 et 4 Place Le Plan du Port - Blagnac,3,13,OPEN,43.624831,1.399657,2025-10-21 14:19:58.242834+00:00,0,1
MONLONG - LOUP,"Face 55, bis chemin du loup",4,8,OPEN,43.554796,1.387295,2025-10-21 14:19:58.242834+00:00,0,0
ROUTE DE SEYSSES - RÉGIS,,8,4,OPEN,43.548387,1.390449,2025-10-21 14:19:58.242834+00:00,0,1
ÎLE DU RAMIER - PASSERELLE POUJADE,Rond point Michel Benech,9,2,OPEN,43.588124,1.436312,2025-10-21 14:19:58.242834+00:00,0,0
VAN DYCK - RAPHAËL,DEVANT 6 RUE VAN DICK / FACE RUE RAPHAEL,2,11,OPEN,43.640631,1.440154,2025-10-21 14:19:58.242834+00:00,1,2
CURIE - NEGRENEYS,27 BD PIERRE ET MARIE CURIE,5,19,OPEN,43.624514,1.443326,2025-10-21 14:19:58.242834+00:00,0,5
NÉGRENEYS - ANGES,"57, rue des Anges",1,11,OPEN,43.620308,1.440963,2025-10-21 14:19:58.242834+00:00,1,1
HERBETTES - BUTTE,FACE 48/58 CHEMIN DE LA BUTTE,4,13,OPEN,43.579341,1.47313,2025-10-21 14:19:58.242834+00:00,0,0
FITTE - VARSI,89B ALLEE CHARLES DE FITTE,13,7,OPEN,43.599637,1.429338,2025-10-21 14:19:58.242834+00:00,1,1
FRONTON - HAON,"Rond-point Maurice Espitalier - carrefour avenue de Fronton, rue André Haon",0,13,OPEN,43.656202,1.432254,2025-10-21 14:19:58.242834+00:00,0,2
00057  ARCOLE - MERLY,15 RUE MERLY,6,9,OPEN,43.6103,1.442975,2025-10-21 14:19:58.242834+00:00,1,1
AURIOL - MUSSET,"Face 51/53, boulevard Vincent Auriol – devant centre commercial de Tournefeuille",9,6,OPEN,43.588092,1.354191,2025-10-21 14:19:58.242834+00:00,0,1
PLACE JACQUES SAUVEGRAIN,PL JACQUES SAUVEGRAIN / ANGLE AV DE LARDENNES,2,15,OPEN,43.589921,1.377827,2025-10-21 14:19:58.242834+00:00,0,2
BALMA GRAMONT MÉTRO,METRO GRAMONT / ANGLE RUE SAINT JEAN,10,8,OPEN,43.628659,1.482629,2025-10-21 14:19:58.242834+00:00,1,1
REVEL - NOUADHIBOU,"100m après 238, route de Revel - Carrefour rond-point route de Revel/rue Nouadhibou",9,4,OPEN,43.567084,1.506071,2025-10-21 14:19:58.242834+00:00,0,1
00058  ARCOLE  - CONCORDE,4 RUE DE LA CONCORDE,9,15,OPEN,43.610663,1.443637,2025-10-21 14:19:58.242834+00:00,1,1
ATLANTA - VASSEUR,BD ATLANTA / FACE 31 RUE ANDRE VASSEUR,8,9,OPEN,43.635421,1.472855,2025-10-21 14:19:58.242834+00:00,0,1
CASTRES - LASBORDES,"Parking face 241, avenue de Castres",6,7,OPEN,43.594671,1.488444,2025-10-21 14:19:58.242834+00:00,0,1
REYNERIE MÉTRO,Angle rue André Maginot / Place André Abbal,6,6,OPEN,43.571497,1.402857,2025-10-21 14:19:58.242834+00:00,2,0
THÉATRE GARONNE,4 AV DU CHÂTEAU D'EAU,1,19,OPEN,43.602426,1.425347,2025-10-21 14:19:58.242834+00:00,0,0
ROCHE - LAAS,15 AV DU COLONEL ROCHE,14,4,OPEN,43.563894,1.474416,2025-10-21 14:19:58.242834+00:00,0,1
RUE DE FENOUILLET - VERNE,"58, rue de Fenouillet",3,10,OPEN,43.628271,1.425653,2025-10-21 14:19:58.242834+00:00,0,1
PLACE ROGER LOUPIAC,"Place Roger Loupiac - face 1 et 3, rue Thérèse Avondo",1,12,OPEN,43.648121,1.450024,2025-10-21 14:19:58.242834+00:00,0,2
CHALETS - DOUVILLÉ,31 RUE DES CHALETS,6,9,OPEN,43.613149,1.441326,2025-10-21 14:19:58.242834+00:00,0,0
EGLISE AUCAMVILLE,"448, route / avenue de Fronton",4,9,OPEN,43.665305,1.430323,2025-10-21 14:19:58.242834+00:00,0,2
JAURES - BACHELIER,54 ALLEE JEAN JAURES,13,16,OPEN,43.607222,1.451244,2025-10-21 14:19:58.242834+00:00,3,1
BELIN - TARFAYA,"23, avenue Edouard Belin",7,5,OPEN,43.562329,1.48431,2025-10-21 14:19:58.242834+00:00,0,0
PLACE EMILE MALE,PLACE EMILE MALE,12,15,OPEN,43.591661,1.418768,2025-10-21 14:19:58.242834+00:00,2,0
AMIDONNIERS - DEBAT-PONSAN,"71, bis rue des amidonniers",3,10,OPEN,43.606453,1.420798,2025-10-21 14:19:58.242834+00:00,0,0
GAMBETTA - SAINTE - URSULE,15 RUE SAINTE-URSULE,8,10,OPEN,43.602671,1.442031,2025-10-21 14:19:58.242834+00:00,2,0
FONTAINES - MILHES,FACE 175 RUE DES FONTAINES,8,5,OPEN,43.60202,1.414772,2025-10-21 14:19:58.242834+00:00,0,2
CIMETIERE COMPANS,1 RUE DU GENERAL COMPANS,1,15,OPEN,43.606701,1.458143,2025-10-21 14:19:58.242834+00:00,1,2
LYCEE DEODAT DE SEVERAC,FACE AU 65 BD DEODAT DE SEVERAC,1,19,OPEN,43.588046,1.42436,2025-10-21 14:19:58.242834+00:00,1,1
BELIN - CNES,16 BIS AV EDOUARD BELIN FACE CNRS,0,20,OPEN,43.562273,1.480912,2025-10-21 14:19:58.242834+00:00,0,1
VILLET - COSMONAUTES,32 et 34 rue des Cosmonautes,9,4,OPEN,43.559298,1.495916,2025-10-21 14:19:58.242834+00:00,0,0
PLACE SAINT-PIERRE,2 PLACE SAINT-PIERRE,9,11,OPEN,43.603228,1.436034,2025-10-21 14:19:58.242834+00:00,0,1
FONTAINES - BRUN,"40, rue des Fontaines",8,5,OPEN,43.600241,1.42564,2025-10-21 14:19:58.242834+00:00,0,0
CHAUBET - PLANA,FACE 155 AV JEAN CHAUBET,7,12,OPEN,43.60592,1.481742,2025-10-21 14:19:58.242834+00:00,0,1
LYON - SÉMARD,76 BD DE LA GARE,4,18,OPEN,43.614083,1.451158,2025-10-21 14:19:58.242834+00:00,0,3
00320 PARC DE LA VIOLETTE,"Face 14, rue Virginia Wolf",6,7,OPEN,43.654363,1.438131,2025-10-21 14:19:58.242834+00:00,0,1
TASSIGNY - MOMBIOLA,"Face 11, rue Maria Mombiola / 50m avant l’annexe Mairie Empalot (« La brique rouge » )",0,12,OPEN,43.578537,1.438375,2025-10-21 14:19:58.242834+00:00,1,3
RIEUX - LEYGUE,20 AV ARMAND LEYGUE,0,18,OPEN,43.594117,1.465197,2025-10-21 14:19:58.242834+00:00,0,1
SALADE PONSAN - VALLON,Croisement chemin salade Ponsan / Chemin du Vallon,6,7,OPEN,43.560168,1.457394,2025-10-21 14:19:58.242834+00:00,1,2
DEMOISELLES - BÉGUÉ - DAVID,1 RUE BEGUE,3,12,OPEN,43.589802,1.455967,2025-10-21 14:19:58.242834+00:00,0,1
CASSELARDIT - ESPAGNO,AV DE CASSELARDIT / ANGLE AV DU PR GUY ESPAGNO,11,7,OPEN,43.613555,1.401417,2025-10-21 14:19:58.242834+00:00,0,1
LASCROSSES - DUPORTAL,17T BD LASCROSSES,22,1,OPEN,43.61009,1.434974,2025-10-21 14:19:58.242834+00:00,1,1
JOLIMONT MÉTRO,26 AV LEON BLUM ANGLE RUE LEON JOUHAUX,3,11,OPEN,43.61432,1.461721,2025-10-21 14:19:58.242834+00:00,1,0
CHEMIN DE TOURNEFEUILLE - LESBRE,"Parking carrefour, chemin de Tournefeuille / impasse Michel Lesbre",7,6,OPEN,43.597281,1.369665,2025-10-21 14:19:58.242834+00:00,0,2
SERVANTY AIRBUS TRAMWAY,"Face n°44, avenue Lucien Servanty - Blagnac",3,12,OPEN,43.624972,1.392925,2025-10-21 14:19:58.242834+00:00,0,0
CASSELARDIT - FONTAINES,FACE 287 RUE DES FONTAINES ANGLE AV DE CASSELARDIT,3,14,OPEN,43.604159,1.407267,2025-10-21 14:19:58.242834+00:00,0,2
ARCOLE - BALANCE,48 BD D'ARCOLE,5,15,OPEN,43.611556,1.439662,2025-10-21 14:19:58.242834+00:00,1,1
SEPT DENIERS - TROÈNES,Carrefour des Troènes - 76 chemin des Sept Deniers,5,8,OPEN,43.620967,1.412027,2025-10-21 14:19:58.242834+00:00,0,0
PASSERELLE HAEDENS,57 BD DE L EMBOUCHURE,0,18,OPEN,43.613504,1.430339,2025-10-21 14:19:58.242834+00:00,1,1
ROUBICHOU - ARLES,30 RUE ROUBICHOU,5,10,OPEN,43.627108,1.465538,2025-10-21 14:19:58.242834+00:00,0,1
PATINOIRE BARRADELS TRAMWAY,Parking de la patinoire municipale Jacques Raynaud - Blagnac,3,13,OPEN,43.641052,1.38325,2025-10-21 14:19:58.242834+00:00,0,0
TOUNIS - PONT NEUF,20 M APRES 122 QUAI DE TOUNIS,9,12,OPEN,43.598966,1.440387,2025-10-21 14:19:58.242834+00:00,2,2
MIRAIL UNIVERSITÉ MÉTRO,3 RUE DE L'UNIVERSITE,3,15,OPEN,43.574466,1.402211,2025-10-21 14:19:58.242834+00:00,2,1
BAROUX - DARASSE,4 AV LUCIEN BAROUX,1,17,OPEN,43.589557,1.4789,2025-10-21 14:19:58.242834+00:00,0,1
ST - CYPRIEN - MÉTRO DARRÉ,14 PL INTERIEURE ST CYPRIEN,13,3,OPEN,43.598124,1.431382,2025-10-21 14:19:58.242834+00:00,1,1
DALI-BONIN,"3, rue Louis Bonin",8,5,OPEN,43.626244,1.411083,2025-10-21 14:19:58.242834+00:00,0,1
CHIRAC - HEREDIA,"1, rue David Elbaz",0,12,OPEN,43.612555,1.467544,2025-10-21 14:19:58.242834+00:00,1,1
DALBADE - PARADOUX,9 RUE HENRY DE GORSSE,2,20,OPEN,43.597941,1.443002,2025-10-21 14:19:58.242834+00:00,2,0
UT3 - CHAMPS MAGNETIQUES,141 AV DE RANGUEIL,1,18,OPEN,43.567307,1.467715,2025-10-21 14:19:58.242834+00:00,1,1
NARBONNE - CLOTASSES,"271, route de Narbonne",3,13,OPEN,43.553468,1.468265,2025-10-21 14:19:58.242834+00:00,0,2
LIFFARD - SAINT SIMON,"Face 66, chemin de Liffard",1,12,OPEN,43.564413,1.375571,2025-10-21 14:19:58.242834+00:00,0,1
BD DES MINIMES - RAISIN,FACE 2 CHEMIN DU RAISIN,7,13,OPEN,43.61539,1.448573,2025-10-21 14:19:58.242834+00:00,0,1
CONCORDE - PRINTEMPS,61 RUE DE LA CONCORDE,3,14,OPEN,43.613442,1.446395,2025-10-21 14:19:58.242834+00:00,1,0
ESCANDE - DAURIAC,3 BD PR LEOPOLD ESCANDE / FACE ASSURANCE MALADIE HG,2,17,OPEN,43.601607,1.456158,2025-10-21 14:19:58.242834+00:00,1,2
LASCROSSE - SÉBASTOPOL,1 RUE DE SEBASTOPOL,20,8,OPEN,43.60962,1.430401,2025-10-21 14:19:58.242834+00:00,1,2
WAGNER - BRUNHES,29 BD RICHARD WAGNER ANGLE BD JEAN BRUNHES,2,18,OPEN,43.603842,1.420002,2025-10-21 14:19:58.242834+00:00,0,2
RTE DE BLAGNAC - PUCCINI,35 RUE GIACOMO PUCCINI,4,5,OPEN,43.614514,1.411161,2025-10-21 14:19:58.242834+00:00,0,1
BEDOUCE - MARNE,115 AV ALBERT BEDOUCE,4,15,OPEN,43.581506,1.462341,2025-10-21 14:19:58.242834+00:00,1,3
METZ - REMPART ST-ÉTIENNE,7 RUE DU REMPART ST ETIENNE,10,5,OPEN,43.6008250248339,1.45065484986121,2025-10-21 14:19:58.242834+00:00,1,1
GONIN - GÉNIN,2 IMP GASTON GENIN ANGLE RUE CLAUDE GONIN,11,4,OPEN,43.573895,1.483924,2025-10-21 14:19:58.242834+00:00,0,1
DUMÉRIL - LAMARCK,FACE 58 RUE DUMERIL,4,15,OPEN,43.592349,1.449015,2025-10-21 14:19:58.242834+00:00,1,0
GAUSSEN - CROIX-BÉNITE,"Face, 22 - 24 boulevard Henri Gaussen",9,4,OPEN,43.662024,1.434622,2025-10-21 14:19:58.242834+00:00,0,0
MINIMES C.NOUGARO MÉTRO,71 AV DES MINIMES,5,17,OPEN,43.620693,1.435612,2025-10-21 14:19:58.242834+00:00,1,1
MONTAUDRAN GARE,"10, avenue de l’aérodrome de Montaudran",12,0,OPEN,43.573248,1.48022,2025-10-21 14:19:58.242834+00:00,0,1
COLLIGNON - RAISIN,16 AV DE COLLIGNON,4,15,OPEN,43.617712,1.445142,2025-10-21 14:19:58.242834+00:00,0,0
COLONNE - REILLE,"Face 5, rue Maréchal Honoré Reille",6,7,OPEN,43.609218,1.459543,2025-10-21 14:19:58.242834+00:00,1,0
TROIS COCUS MÉTRO,12 RUE DU COL PAUL PAILLOLE PL MICOULEAU,2,18,OPEN,43.638055,1.444344,2025-10-21 14:19:58.242834+00:00,1,2
PISCINE NAKACHE,"Croisement avenue du Pr. Camille soula, allée Jacques Lacassagne et Gabriel Biénès",12,4,OPEN,43.585921,1.437868,2025-10-21 14:19:58.242834+00:00,0,1
LAPUJADE - FLANDRES,RUE LAPUJADE / ANGLE RUE DES FLANDRES,4,13,OPEN,43.624202,1.454685,2025-10-21 14:19:58.242834+00:00,0,2
RIEUX - COTTAGES,58 AV DES COTTAGES,3,15,OPEN,43.585924,1.475057,2025-10-21 14:19:58.242834+00:00,0,1
ST-MICHEL - NOTRE - DAME,88 GRANDE RUE SAINT-MICHEL,0,15,OPEN,43.589553,1.445888,2025-10-21 14:19:58.242834+00:00,2,0
RTE DE SEYSSES - LONDRES,PASSAGE DU CANAL DE BORDELONGUE FACE 251 RTE DE SEYSSES,1,13,OPEN,43.568038,1.413363,2025-10-21 14:19:58.242834+00:00,0,1
HÉRACLÈS - BÉARNAIS,23 RUE DU BEARNAIS,2,17,OPEN,43.608004,1.428585,2025-10-21 14:19:58.242834+00:00,0,2
JARDIN ROYAL,RUE DU 8 MAI 1945 / FACE JARDIN ROYAL,4,19,OPEN,43.596419,1.45104,2025-10-21 14:19:58.242834+00:00,2,0
STRASBOURG - BOSC,15 RUE JOSEPH BOSC,7,14,OPEN,43.609766,1.445681,2025-10-21 14:19:58.242834+00:00,1,1
EGLISE DE LALANDE,,4,8,OPEN,43.646547,1.431152,2025-10-21 14:19:58.242834+00:00,0,0
ARENES - AEROSTIERS,"1, avenue des Arènes, face arrêt Tisséo « Aérostiers » - Balma",4,4,OPEN,43.609908,1.489803,2025-10-21 14:19:58.242834+00:00,0,2
PLACE JOB,FACE 103 BIS ROUTE DE BLAGNAC,8,10,OPEN,43.616945,1.408383,2025-10-21 14:19:58.242834+00:00,0,2
BRIENNE - CHAPOU,129 ALL DE BRIENNE,2,22,OPEN,43.610005,1.419568,2025-10-21 14:19:58.242834+00:00,0,1
L'ENVOL DES PIONNIERS,"Sur piste cyclabe, carrefour 7, rue Jacqueline Auriol (Montaudran) / rue Beppo de Massini",2,11,OPEN,43.574602,1.476596,2025-10-21 14:19:58.242834+00:00,0,1
PLACE DES PRADETTES,41 AV LOUIS ARISTE PASSERIEU / PL DES PRADETTES,7,10,OPEN,43.58144,1.388774,2025-10-21 14:19:58.242834+00:00,0,3
ODYSSUD RITOURET TRAMWAY,"3, avenue des tilleuls face Brasserie du Parc  - Blagnac",2,13,OPEN,43.635559,1.384149,2025-10-21 14:19:58.242834+00:00,0,1
PISTE DES GÉANTS - TERECHKOVA,"Place de l’Aéropostale, rue Valentina Terechkova Montaudran",1,9,OPEN,43.576029,1.473627,2025-10-21 14:19:58.242834+00:00,0,2
STRASBOURG - JAURES,4 BD DE STRASBOURG,2,20,OPEN,43.606346,1.44813,2025-10-21 14:19:58.242834+00:00,3,1
THEATRE JULES JULIEN,21 AV DES ECOLES JULES JULIEN,4,8,OPEN,43.57337,1.452405,2025-10-21 14:19:58.242834+00:00,0,1
WAGNER - VIVALDI,BD RICHARD WAGNER / ANGLE RUE ANTONIO VIVALDI,7,11,OPEN,43.606115,1.414755,2025-10-21 14:19:58.242834+00:00,0,0
PARGAMINIERES - LAKANAL,66 RUE PARGAMINIERES,7,3,OPEN,43.60459,1.44002,2025-10-21 14:19:58.242834+00:00,1,0
PLACE DUPUY,14 PL DOMINIQUE MARTIN DUPUY,1,20,OPEN,43.600188,1.454764,2025-10-21 14:19:58.242834+00:00,1,2
BRUNAUD - CEAT,"Face 76, avenue Yves Brunaud - Toulouse",2,13,OPEN,43.617615,1.466289,2025-10-21 14:19:58.242834+00:00,2,1
NARBONNE - CAUBERE,73 RTE DE NARBONNE,0,10,OPEN,43.569089,1.456292,2025-10-21 14:19:58.242834+00:00,0,2
MATABIAU GARE - BONREPOS,12 BD DE BONREPOS,4,33,OPEN,43.611052,1.452593,2025-10-21 14:19:58.242834+00:00,1,1
BASSO CAMBO METRO,"P+R Métro Basso, entre Parc à vélo et parking aérien",7,6,OPEN,43.569972,1.391809,2025-10-21 14:19:58.242834+00:00,1,1
LA TERRASSE - LEDORMEUR,9 RUE LE DORMEUR,1,16,OPEN,43.583511,1.487795,2025-10-21 14:19:58.242834+00:00,0,2
AVIONS - LIBELLULES,33 AVENUE DES AVIONS,7,8,OPEN,43.57688,1.460189,2025-10-21 14:19:58.242834+00:00,2,0
HOPITAL PURPAN,Avenue du Professeur Jean Dausset – carrefour Tram / entrée de l’hôpital Paule de Viguier,2,11,OPEN,43.60768,1.402173,2025-10-21 14:19:58.242834+00:00,0,1
ARÈNES ROMAINES TRAMWAY,RD PT ANGLE AV DES ARENES ROMAINES RUE JEAN ESPITALIER,1,15,OPEN,43.614159,1.397008,2025-10-21 14:19:58.242834+00:00,0,1
TRENTIN - VERNE,RUE JULES VERNE / ANGLE FACE 40 BD SILVIO TRENTIN,3,10,OPEN,43.623998,1.427823,2025-10-21 14:19:58.242834+00:00,0,2
ST - MICHEL - STE - CATHERINE,134 GRANDE RUE SAINT-MICHEL,2,15,OPEN,43.590847,1.445284,2025-10-21 14:19:58.242834+00:00,1,0
SUISSE - POLITKOVSKAIA,"38, boulevard de Suisse",11,2,OPEN,43.61324,1.419932,2025-10-21 14:19:58.242834+00:00,0,0
STRASBOURG - AUSTERLITZ,7 BD DE STRASBOURG,17,5,OPEN,43.606499,1.44769,2025-10-21 14:19:58.242834+00:00,3,1
EBELOT - PUJIBET,"Face 55, rue Henri Ebelot (sur le rond-point)",8,6,OPEN,43.638044,1.457716,2025-10-21 14:19:58.242834+00:00,0,0
PLACE DES CARMES,1 PL DES CARMES,14,6,OPEN,43.597364,1.445314,2025-10-21 14:19:58.242834+00:00,2,3
PLACE GEORGES BRASSENS,"Parking, face écoles Louis Weidknnet - Place Georges Brassens - Blagnac",8,8,OPEN,43.64883,1.376338,2025-10-21 14:19:58.242834+00:00,0,1
AMOUROUX - STE - AUGUSTINE,24 BIS CHE AMOUROUX,5,12,OPEN,43.627643,1.461861,2025-10-21 14:19:58.242834+00:00,0,3
ST-EXUPERY - PETIT PRINCE,2 AV ANTOINE DE ST EXUPERY,5,15,OPEN,43.58355,1.470033,2025-10-21 14:19:58.242834+00:00,0,1
AV. DU PARC - GUYENNE,Av. du Parc - Guyenne,1,15,OPEN,43.632311,1.388446,2025-10-21 14:19:58.242834+00:00,0,0
ETATS-UNIS - GLACIÈRE,"Face 67, rue de la Glacière - carrefour rue de la Glacière / avenue des Etats-Unis",3,9,OPEN,43.646471,1.426013,2025-10-21 14:19:58.242834+00:00,0,1
CORIOLIS - DUPOUY,Avenue Gaspard Coriolis carrefour rue du professeur Gaston Dupouy,4,8,OPEN,43.578809,1.379975,2025-10-21 14:19:58.242834+00:00,0,2
ESPAGNE-LANGLADE,"89, route d'Espagne",0,8,OPEN,43.571858,1.42447,2025-10-21 14:19:58.242834+00:00,0,2
MINIMES - BAQUÉ,101 AVENUES DES MINIMES,3,16,OPEN,43.622966,1.434449,2025-10-21 14:19:58.242834+00:00,2,1
GOUNOD - GARROS,29 RUE ROLAND GARROS,11,7,OPEN,43.613881,1.424953,2025-10-21 14:19:58.242834+00:00,0,1
MUSEE SAINT-RAYMOND,2 PLACE SAINT-SERNIN / ANGLE 2 RUE DES 3 RENARDS,10,0,OPEN,43.607608,1.441304,2025-10-21 14:19:58.242834+00:00,2,0
BELLEFONTAINE MÉTRO,Allée de Bellefontaine,1,0,OPEN,43.565832,1.398708,2025-10-21 14:19:58.242834+00:00,1,0
MARENGO - LEDUC,FACE AU 5 RUE RENE LEDUC,4,14,OPEN,43.611386,1.456729,2025-10-21 14:19:58.242834+00:00,1,1
BIARRITZ - CASSELARDIT,"18, avenue de Biarritz",4,7,OPEN,43.607189,1.409324,2025-10-21 14:19:58.242834+00:00,0,1
SERRES - CABANEL,16 RUE ALEXANDRE CABANEL,1,16,OPEN,43.614227,1.437999,2025-10-21 14:19:58.242834+00:00,2,0
BARRIERE DE PARIS MÉTRO,FACE AU 2 BARRIERE DE PARIS,7,13,OPEN,43.627017,1.434129,2025-10-21 14:19:58.242834+00:00,1,1
PISCINE LEO LAGRANGE,54 RUE DES SEPT TROUBADOURS,5,16,OPEN,43.607468,1.454329,2025-10-21 14:19:58.242834+00:00,1,1
LABÈGE INNOPOLE GARE,Parking proche gare SNCF Innopole et Parc à vélo - Labège,10,3,OPEN,43.547467,1.51246,2025-10-21 14:19:58.242834+00:00,0,2
BRUNAUD - BAILLAUD,64 RUE BAILLAUD,2,18,OPEN,43.617458,1.465428,2025-10-21 14:19:58.242834+00:00,2,1
FITTE - TEINTURIERS,40 ALLEE CHARLES DE FITTE,6,10,OPEN,43.596294,1.432158,2025-10-21 14:19:58.242834+00:00,1,3
ESPAGNE - GIRONIS,Rond-point Hélène Rouch – route d’Espagne face clinique Médipôle,5,7,OPEN,43.563741,1.425433,2025-10-21 14:19:58.242834+00:00,0,1
REVEL - BAJAC,43 route de Revel - Gymnase écoles publiques Henri Guillaumet,15,1,OPEN,43.576559,1.487548,2025-10-21 14:19:58.242834+00:00,0,3
PERIGORD,26 RUE DE PERIGORD,14,1,OPEN,43.60742,1.444699,2025-10-21 14:19:58.242834+00:00,3,1
RAMONVILLE MAIRIE,Place de la mairie - Ramonville,8,7,OPEN,43.546064,1.474738,2025-10-21 14:19:58.242834+00:00,0,1
PLANA - GARNIER,27 AV LOUIS PLANA,8,9,OPEN,43.609275,1.479898,2025-10-21 14:19:58.242834+00:00,0,0
HAURIOU - GARONNETTE,1 AV MAURICE HAURIOU,7,16,OPEN,43.594359,1.44095,2025-10-21 14:19:58.242834+00:00,1,2
CARNOT - TROIS JOURNEES,69 BD LAZARE CARNOT,11,13,OPEN,43.604677,1.449586,2025-10-21 14:19:58.242834+00:00,2,1
RÉCOLLETS - FERETRA,34 BD DES RECOLLETS,0,19,OPEN,43.583787,1.443299,2025-10-21 14:19:58.242834+00:00,2,1
CITÉ DE L'HERS - ROTONDE,4 RUE DE CARCASSONNE,0,17,OPEN,43.596636,1.483995,2025-10-21 14:19:58.242834+00:00,0,3
FEUGA - PONT SAINT - MICHEL,11 ALL PAUL FEUGA,4,14,OPEN,43.592388,1.442463,2025-10-21 14:19:58.242834+00:00,1,2
URSS - PEYROUSET,16 AV DE L'U.R.S.S,2,15,OPEN,43.58295,1.448578,2025-10-21 14:19:58.242834+00:00,2,1
AV. DE MURET - BOUTINON,46 AVENUE DE MURET,3,14,OPEN,43.581793,1.425738,2025-10-21 14:19:58.242834+00:00,0,1
